Time,Height (m),Voltage (V)
1739967266.1223874,0.3222465515136719,1.577730000000015
1739967267.21979,0.0,0.0
1739967268.228874,0.40719863772392273,2.1017922726440217
1739967269.259201,0.0,0.0
1739967270.2623882,0.37577953934669495,1.8599999999999999
1739967271.266725,0.0,0.0
1739967272.2696953,0.37577953934669495,1.8599999999999999
1739967273.2828348,0.0,0.0
1739967274.3437786,0.3763275444507599,1.863780000000006
1739967275.3730977,0.0,0.0
1739967276.479826,0.376735121011734,1.8665999999999803
1739967277.5416033,0.0,0.0
1739967278.5825443,0.3760494589805603,1.8618599999999967
1739967279.6497386,0.0,0.0
1739967280.6767764,0.3759188950061798,1.860959999999977
1739967281.7758522,0.0,0.0
1739967282.7785425,0.37577953934669495,1.8599999999999999
1739967283.782196,0.0,0.0
1739967284.7834804,0.37577953934669495,1.8599999999999999
1739967285.7846992,0.0,0.0
1739967286.7858508,0.37577953934669495,1.8599999999999999
1739967287.8128257,0.0,0.0
1739967288.815135,0.37577953934669495,1.8599999999999999
1739967289.833308,0.0,0.0
1739967290.8788788,0.3761885464191437,1.8628200000000286
1739967291.8806202,0.0,0.0
1739967292.8848388,0.3759188950061798,1.860959999999977
1739967293.894277,0.0,0.0
1739967294.921108,0.3760494589805603,1.8618599999999967
1739967295.9216409,0.0,0.0
1739967296.9332452,0.3759188950061798,1.8609600000000317
1739967297.9430408,0.0,0.0
1739967298.9591806,0.3759101927280426,1.860899999999965
1739967299.9709299,0.0,0.0
1739967300.9720356,0.37577953934669495,1.8599999999999999
1739967301.9740639,0.0,0.0
1739967302.9754949,0.37577953934669495,1.8599999999999999
1739967303.9767668,0.0,0.0
1739967304.9854128,0.37577953934669495,1.8599999999999999
1739967305.9956157,0.0,0.0
1739967306.9971597,0.37577953934669495,1.8599999999999999
1739967307.9982314,0.0,0.0
1739967308.9997718,0.37577953934669495,1.8599999999999999
1739967310.0010428,0.0,0.0
1739967311.0633166,0.3763275444507599,1.863780000000006
1739967312.0683296,0.0,0.0
1739967313.0748613,0.3759101927280426,1.860899999999965
1739967314.0766528,0.0,0.0
1739967545.9497426,0.6111395955085754,5.974044999999996
1739967547.0242157,0.0,0.0
1739967548.0652044,0.6152523756027222,6.1918365160415245
1739967549.093732,0.0,0.0
1739967550.1179893,0.5909677743911743,5.681231316795143
1739967551.1274958,0.0,0.0
1739967552.1407409,0.5697714686393738,5.211223542403946
1739967553.253537,0.0,0.0
1739967554.290156,0.5485514402389526,4.708706983682662
1739967555.2914865,0.0,0.0
1739967556.2938013,0.5315409898757935,4.28015554344371
1739967557.3020682,0.0,0.0
1739967558.3046165,0.5157092213630676,3.869574553567948
1739967559.3194351,0.0,0.0
1739967560.3219805,0.49995654821395874,3.4747653322048455
1739967561.32361,0.0,0.0
1739967562.332714,0.48273494839668274,3.094808783990887
1739967563.3473873,0.0,0.0
1739967564.3591225,0.46179842948913574,2.7262700764196097
1739967565.366967,0.0,0.0
1739967566.375563,0.4353094696998596,2.3784446704880056
1739967567.376653,0.0,0.0
1739967568.3797815,0.40264570713043213,2.063135200788146
1739967569.3809633,0.0,0.0
1739967570.3841739,0.3759188950061798,1.860959999999977
1739967571.3875017,0.0,0.0
1739967572.389132,0.37577953934669495,1.8599999999999999
1739967573.3904324,0.0,0.0
1739967574.39135,0.37577953934669495,1.8599999999999999
1739967575.3935487,0.0,0.0
1739967576.5040817,0.3767264783382416,1.8665400000000225
1739967577.5382674,0.0,0.0
1739967578.5654976,0.3759188950061798,1.8609600000000317
1739967579.5679023,0.0,0.0
1739967580.580388,0.3759101927280426,1.860899999999965
1739967581.5820796,0.0,0.0
1739967582.5936205,0.3759188950061798,1.8609600000000317
1739967583.6543996,0.0,0.0
1739967584.6614912,0.37577953934669495,1.8599999999999999
1739967585.662586,0.0,0.0
1739967586.6640904,0.3759188950061798,1.860959999999977
1739967587.665408,0.0,0.0
1739967588.6663284,0.37577953934669495,1.8599999999999999
1739967589.6753147,0.0,0.0
1739967590.6852791,0.3759188950061798,1.8609600000000317
1739967591.6872284,0.0,0.0
1739967592.688819,0.37577953934669495,1.8599999999999999
1739967593.6899538,0.0,0.0
1739967594.6908436,0.37577953934669495,1.8599999999999999
1739967595.692145,0.0,0.0
1739967596.7115996,0.3760494589805603,1.8618599999999967
1739967597.792611,0.0,0.0
1739967598.8107479,0.3759188950061798,1.8609600000000317
1739967599.811972,0.0,0.0
1739967600.813349,0.37577953934669495,1.8599999999999999
1739967601.815017,0.0,0.0
1739967602.8433628,0.3760494589805603,1.8618599999999967
1739967603.8636785,0.0,0.0
1739967604.8683727,0.3759101927280426,1.8609000000000195
1739967605.8737092,0.0,0.0
1739967606.8756232,0.37577953934669495,1.8599999999999999
1739967607.8771315,0.0,0.0
1739967608.9113762,0.3760494589805603,1.8618599999999967
1739967609.9131093,0.0,0.0
1739967610.9314935,0.37605810165405273,1.861920000000009
1739967611.9457738,0.0,0.0
1739967612.947687,0.37577953934669495,1.8599999999999999
1739967613.9498925,0.0,0.0
1739967614.9514015,0.37577953934669495,1.8599999999999999
1739967616.0752733,0.0,0.0
1739967617.1272533,0.3761885464191437,1.8628200000000286
1739967618.1543593,0.0,0.0
1739967619.1665666,0.3759188950061798,1.860959999999977
1739967620.175671,0.0,0.0
1739967621.1778057,0.37577953934669495,1.8599999999999999
1739967622.1790771,0.0,0.0
1739967623.1806946,0.37577953934669495,1.8599999999999999
1739967624.1814892,0.0,0.0
1739967625.182838,0.37577953934669495,1.8599999999999999
1739967626.1843917,0.0,0.0
1739967627.1907613,0.37577953934669495,1.8599999999999999
1739967628.1923585,0.0,0.0
1739967629.1938398,0.37577953934669495,1.8599999999999999
1739967750.464801,0.32567885518074036,1.5957900000000016
1739967751.5081165,0.0,0.0
1739967752.5665293,0.41046637296676636,2.1304442386259095
1739967753.5699215,0.0,0.0
1739967754.5783062,0.37577953934669495,1.8599999999999999
1739967755.5949442,0.0,0.0
1739967756.6040304,0.3759188950061798,1.860959999999977
1739967757.6280417,0.0,0.0
1739967758.6318824,0.37577953934669495,1.8599999999999999
1739967759.63906,0.0,0.0
1739967760.6432967,0.37577953934669495,1.8599999999999999
1739967761.686521,0.0,0.0
1739967762.7014,0.3759101927280426,1.860899999999965
1739967763.706577,0.0,0.0
1739967764.7294817,0.37605810165405273,1.861920000000009
1739967765.757996,0.0,0.0
1739967766.81244,0.3761885464191437,1.8628200000000286
1739967767.8271227,0.0,0.0
1739967768.8299584,0.37577953934669495,1.8599999999999999
1739967769.8783164,0.0,0.0
1739967770.9008179,0.3760494589805603,1.8618599999999967
1739967771.9116812,0.0,0.0
1739967772.9168189,0.3759188950061798,1.860959999999977
1739967773.9187944,0.0,0.0
1739967774.9223828,0.37577953934669495,1.8599999999999999
1739967775.956767,0.0,0.0
1739967777.0226667,0.37645772099494934,1.8646800000000257
1739967778.0346467,0.0,0.0
1739967779.1423597,0.376735121011734,1.8665999999999803
1739967780.1829488,0.0,0.0
1739967781.1987486,0.3759101927280426,1.860899999999965
1739967782.2142117,0.0,0.0
1739967783.222378,0.37577953934669495,1.8599999999999999
1739967784.3032067,0.0,0.0
1739967785.4623253,0.37727123498916626,1.8703200000000286
1739967786.5599597,0.0,0.0
1739967787.6590962,0.376587837934494,1.8655799999999907
1739967788.7540212,0.0,0.0
1739967789.7552884,0.37577953934669495,1.8599999999999999
1739967790.789042,0.0,0.0
1739967791.9024844,0.3767264783382416,1.8665400000000225
1739967792.9073567,0.0,0.0
1739967793.9233243,0.3759188950061798,1.860959999999977
1739967794.9275422,0.0,0.0
1739967795.9325585,0.3759188950061798,1.8609600000000317
1739967796.9495606,0.0,0.0
1739967797.9676018,0.3759188950061798,1.8609600000000317
1739967799.0115974,0.0,0.0
1739967800.0383255,0.3760494589805603,1.8618599999999967
1739967801.056439,0.0,0.0
1739967802.104984,0.3761885464191437,1.8628199999999742
1739967803.1284537,0.0,0.0
1739967804.138301,0.3759188950061798,1.860959999999977
1739967805.1434593,0.0,0.0
1739967806.1515188,0.3759101927280426,1.8609000000000195
1739967807.1532793,0.0,0.0
1739967808.1546357,0.37577953934669495,1.8599999999999999
1739967809.187901,0.0,0.0
1739967810.189049,0.37577953934669495,1.8599999999999999
1739967811.2009003,0.0,0.0
1739967883.5859737,0.3705490529537201,1.8615800000000033
1739967884.7856827,0.0,0.0
1739967885.792552,0.42844948172569275,2.3039182741439466
1739967886.8167255,0.0,0.0
1739967887.8272965,0.39362096786499023,1.990473600710412
1739967888.8882675,0.0,0.0
1739967889.932642,0.3761885464191437,1.8628200000000286
1739967890.9474378,0.0,0.0
1739967891.9576461,0.37577953934669495,1.8599999999999999
1739968011.3747103,0.293407142162323,1.4355250000000113
1739968012.3988562,0.0,0.0
1739968013.434217,0.39570361375808716,2.0068022364306772
1739968014.4533696,0.0,0.0
1739968015.4754648,0.3759188950061798,1.8609600000000317
1739968016.4977443,0.0,0.0
1739968017.5313888,0.3760494589805603,1.8618599999999967
1739968018.5442803,0.0,0.0
1739968019.5865846,0.3761885464191437,1.8628200000000286
1739968020.589924,0.0,0.0
1739968021.5922747,0.37577953934669495,1.8599999999999999
1739968022.597295,0.0,0.0
1739968023.6126487,0.3759188950061798,1.860959999999977
1739968024.6316745,0.0,0.0
1739968025.635035,0.3759188950061798,1.860959999999977
1739968026.6458755,0.0,0.0
1739968027.6537313,0.3759101927280426,1.8609000000000195
1739968028.7610857,0.0,0.0
1739968029.7771895,0.3759101927280426,1.8609000000000195
1739968030.7835515,0.0,0.0
1739968031.7881274,0.37577953934669495,1.8599999999999999
1739968032.8006372,0.0,0.0
1739968033.813856,0.3759188950061798,1.8609600000000317
1739968034.8199248,0.0,0.0
1739968035.90166,0.37645772099494934,1.8646800000000257
1739968036.9219532,0.0,0.0
1739968037.9491827,0.3760494589805603,1.8618599999999967
1739968038.994117,0.0,0.0
1739968040.0222006,0.3759188950061798,1.860959999999977
1739968041.0511076,0.0,0.0
1739968042.0635288,0.3759188950061798,1.8609600000000317
1739968043.0985627,0.0,0.0
1739968044.148104,0.3763188421726227,1.8637199999999936
1739968045.1489987,0.0,0.0
1739968046.1501007,0.37577953934669495,1.8599999999999999
1739968047.1636503,0.0,0.0
1739968048.171494,0.37577953934669495,1.8599999999999999
1739968049.2235112,0.0,0.0
1739968050.2413352,0.3759188950061798,1.860959999999977
1739968051.246722,0.0,0.0
1739968052.2480245,0.37577953934669495,1.8599999999999999
1739968053.2715986,0.0,0.0
1739968054.2842753,0.3760494589805603,1.8618599999999967
1739968055.3006897,0.0,0.0
1739968056.302273,0.37577953934669495,1.8599999999999999
1739968057.3032653,0.0,0.0
1739968058.3057265,0.3759188950061798,1.8609600000000317
1739968059.3106184,0.0,0.0
1739968060.312603,0.37577953934669495,1.8599999999999999
1739968061.3134365,0.0,0.0
1739968062.3202608,0.3759101927280426,1.860899999999965
1739968063.3615897,0.0,0.0
1739968064.4023867,0.37617990374565125,1.8627600000000164
1739968065.4138699,0.0,0.0
1739968066.4281573,0.37577953934669495,1.8599999999999999
1739968067.4317594,0.0,0.0
1739968068.4348745,0.37577953934669495,1.8599999999999999
1739968069.436453,0.0,0.0
1739968070.4450834,0.3759101927280426,1.860899999999965
1739968071.4523873,0.0,0.0
1739968072.4727254,0.3759188950061798,1.8609600000000317
1739968073.50066,0.0,0.0
1739968074.5018597,0.37577953934669495,1.8599999999999999
1739968075.503845,0.0,0.0
1739968076.505549,0.37577953934669495,1.8599999999999999
1739968077.5067432,0.0,0.0
1739968078.5223417,0.3759188950061798,1.860959999999977
1739968079.552683,0.0,0.0
1739968080.5784025,0.3760494589805603,1.8618599999999967
1739968081.5797336,0.0,0.0
1739968082.5812466,0.37577953934669495,1.8599999999999999
1739968083.5826542,0.0,0.0
1739968084.584517,0.37577953934669495,1.8599999999999999
1739968085.5915363,0.0,0.0
1739968086.6217835,0.3760494589805603,1.8618599999999967
1739968087.654042,0.0,0.0
1739968088.683999,0.37605810165405273,1.861920000000009
1739968089.6909518,0.0,0.0
1739968090.6924338,0.37577953934669495,1.8599999999999999
1739968091.6940238,0.0,0.0
1739968092.6953595,0.3759101927280426,1.860899999999965
1739968093.7093964,0.0,0.0
1739968094.7398474,0.37605810165405273,1.861920000000009
1739968095.7414825,0.0,0.0
1739968096.7432437,0.37577953934669495,1.8599999999999999
1739968097.745114,0.0,0.0
1739968098.7461846,0.37577953934669495,1.8599999999999999
1739968099.7515922,0.0,0.0
1739968100.7675672,0.3759188950061798,1.860959999999977
1739968101.784627,0.0,0.0
1739968102.8245206,0.3761885464191437,1.8628199999999742
1739968103.8832135,0.0,0.0
1739968104.8914793,0.37577953934669495,1.8599999999999999
1739968105.9213755,0.0,0.0
1739968106.9236522,0.37577953934669495,1.8599999999999999
1739968107.927436,0.0,0.0
1739968109.1114573,0.3774092495441437,1.8712800000000058
1739968110.1607094,0.0,0.0
1739968111.1803362,0.37605810165405273,1.861920000000009
1739968112.2223685,0.0,0.0
1739968113.2335663,0.3759188950061798,1.860959999999977
1739968114.3015656,0.0,0.0
1739968115.3056822,0.3759188950061798,1.8609600000000317
1739968116.3097806,0.0,0.0
1739968117.312616,0.37577953934669495,1.8599999999999999
1739968118.313655,0.0,0.0
1739968119.3225822,0.3759101927280426,1.860899999999965
1739968120.3495047,0.0,0.0
1739968121.3660007,0.3759188950061798,1.860959999999977
1739968122.3689868,0.0,0.0
1739968123.3758914,0.37577953934669495,1.8599999999999999
1739968124.3873396,0.0,0.0
1739968125.392542,0.37577953934669495,1.8599999999999999
1739968126.4049678,0.0,0.0
1739968127.4204435,0.3759188950061798,1.860959999999977
1739968128.4223487,0.0,0.0
1739968129.4254782,0.37577953934669495,1.8599999999999999
1739968130.4272761,0.0,0.0
1739968131.4503393,0.3760494589805603,1.8618599999999967
1739968132.458408,0.0,0.0
1739968133.4842532,0.37605810165405273,1.861920000000009
1739968134.5077221,0.0,0.0
1739968135.5745833,0.3763188421726227,1.8637199999999936
1739968136.5946176,0.0,0.0
1739968137.6307054,0.3760494589805603,1.8618599999999967
1739968138.65083,0.0,0.0
1739968139.7215052,0.3763275444507599,1.863780000000006
1739968140.7407398,0.0,0.0
1739968141.7653542,0.3760494589805603,1.8618599999999967
1739968142.8167598,0.0,0.0
1739968143.8425696,0.3760494589805603,1.8618599999999967
1739968144.9337578,0.0,0.0
1739968145.944561,0.3759101927280426,1.860899999999965
1739968146.954621,0.0,0.0
1739968147.9845243,0.37605810165405273,1.861920000000009
1739968149.0016382,0.0,0.0
1739968150.040701,0.3761885464191437,1.8628199999999742
1739968151.0923924,0.0,0.0
1739968152.09981,0.37577953934669495,1.8599999999999999
1739968153.12675,0.0,0.0
1739968154.1396499,0.3759188950061798,1.860959999999977
1739968155.2633252,0.0,0.0
1739968156.3042185,0.3761885464191437,1.8628200000000286
1739968157.3485608,0.0,0.0
1739968158.391442,0.3761885464191437,1.8628199999999742
1739968159.4060786,0.0,0.0
1739969144.3517778,0.8919841647148132,12.0
1739969145.5411193,0.0,0.0
1739969146.574346,0.885901689529419,12.0
1739969147.5756238,0.0,0.0
1739969148.594633,0.885901689529419,12.0
1739969149.6000233,0.0,0.0
1739969150.6042788,0.8601187467575073,11.34441141742477
1739969151.6176288,0.0,0.0
1739969152.6589265,0.8286916017532349,10.594150889465634
1739969153.6774127,0.0,0.0
1739969154.6846526,0.7966518402099609,9.87412022208467
1739969155.6923492,0.0,0.0
1739969156.696556,0.7650331854820251,9.198368381874676
1739969157.7139468,0.0,0.0
1739969158.7149882,0.7330970764160156,8.542054665424562
1739969159.727996,0.0,0.0
1739969160.872989,0.7023347020149231,7.926588035786166
1739969161.9098163,0.0,0.0
1739969162.911852,0.6718435287475586,7.324340958008812
1739969163.913894,0.0,0.0
1739969164.9157143,0.643486738204956,6.762707932801524
1739969165.921689,0.0,0.0
1739969166.9575033,0.6176503896713257,6.241081194596564
1739969167.9927733,0.0,0.0
1739969168.9943552,0.5926403403282166,5.717221236610419
1739969170.0109627,0.0,0.0
1739969171.0427053,0.5709413886070251,5.237918650837148
1739969172.0445356,0.0,0.0
1739969173.0454285,0.5517580509185791,4.786977262230124
1739969174.0853603,0.0,0.0
1739969175.0900338,0.533562183380127,4.332106582918135
1739969176.093472,0.0,0.0
1739969177.0948064,0.5176010727882385,3.9185443995380083
1739969178.1101544,0.0,0.0
1739969179.1335387,0.501647412776947,3.5154817095853277
1739969180.13745,0.0,0.0
1739969181.1404388,0.48465999960899353,3.1338342968083808
1739969182.1420622,0.0,0.0
1739969183.1426165,0.4645457863807678,2.7691742971993873
1739969184.1434002,0.0,0.0
1739969185.1510596,0.43940234184265137,2.4255285108186393
1739969186.1633673,0.0,0.0
1739969187.1769674,0.4069977104663849,2.1000557315066493
1739969188.180487,0.0,0.0
1739969189.1820223,0.37577953934669495,1.8599999999999999
1739969190.1834755,0.0,0.0
1739969191.1863747,0.37577953934669495,1.8599999999999999
1739969192.2032669,0.0,0.0
1739969193.2063143,0.37577953934669495,1.8599999999999999
1739969194.20723,0.0,0.0
1739969195.2089674,0.37577953934669495,1.8599999999999999
1739969196.2108228,0.0,0.0
1739969197.2256193,0.37577953934669495,1.8599999999999999
1739969198.2572248,0.0,0.0
1739969199.2637947,0.37577953934669495,1.8599999999999999
1739969200.2791464,0.0,0.0
1739969201.2818935,0.37577953934669495,1.8599999999999999
1739969202.3025377,0.0,0.0
1739969203.3264785,0.3760494589805603,1.8618599999999967
1739969204.3314037,0.0,0.0
1739969205.3391857,0.3759188950061798,1.8609600000000317
1739969206.3626997,0.0,0.0
1739969207.3660982,0.37577953934669495,1.8599999999999999
1739969208.3786533,0.0,0.0
1739969209.389267,0.3759188950061798,1.860959999999977
1739969210.3978696,0.0,0.0
1739969211.403952,0.37577953934669495,1.8599999999999999
1739969212.4071553,0.0,0.0
1739969213.408617,0.37577953934669495,1.8599999999999999
1739969214.4101279,0.0,0.0
1739969215.4114068,0.37577953934669495,1.8599999999999999
1739969216.4306748,0.0,0.0
1739969217.4327862,0.37577953934669495,1.8599999999999999
1739969218.44437,0.0,0.0
1739969219.4456816,0.3759101927280426,1.860899999999965
1739969220.447242,0.0,0.0
1739969221.4481142,0.37577953934669495,1.8599999999999999
1739969222.450538,0.0,0.0
1739969223.4518297,0.37577953934669495,1.8599999999999999
1739969224.454351,0.0,0.0
1739969225.4555762,0.37577953934669495,1.8599999999999999
1739969226.4564402,0.0,0.0
1739969352.3211293,0.5140394568443298,3.767399999999979
1739969353.3790057,0.0,0.0
1739969354.3817048,0.5246613621711731,4.102020688683748
1739969355.3894691,0.0,0.0
1739969356.39216,0.5086875557899475,3.6899247447180117
1739969357.4043245,0.0,0.0
1739969358.4419835,0.49225127696990967,3.2964268755910773
1739969359.4784045,0.0,0.0
1739971759.912311,0.3702969551086426,1.8598999999999792
1739971760.9928148,0.0,0.0
1739971761.9985588,0.43094581365585327,2.3304351311113907
1739971763.0005171,0.0,0.0
1739971764.0072267,0.39741966128349304,2.0204493174556237
1739971765.0204523,0.0,0.0
1739971766.044048,0.3760494589805603,1.8618599999999421
1739971767.0711842,0.0,0.0
1739971768.0804462,0.37577953934669495,1.8599999999999999
1739971769.0924494,0.0,0.0
1739971770.1037166,0.3759188950061798,1.860959999999977
1739971771.1163235,0.0,0.0
1739971772.1182349,0.3759101927280426,1.860899999999965
1739971773.1232562,0.0,0.0
1739971774.12535,0.37577953934669495,1.8599999999999999
1739971775.1305578,0.0,0.0
1739971776.1334283,0.3759188950061798,1.8609600000000863
1739971777.1343708,0.0,0.0
1739971778.136405,0.37577953934669495,1.8599999999999999
1739971779.1380863,0.0,0.0
1739971780.1494138,0.3759101927280426,1.860899999999965
1739971781.1601198,0.0,0.0
1739971782.1750302,0.3759188950061798,1.860959999999977
1739971783.176871,0.0,0.0
1739971784.179822,0.3759188950061798,1.860959999999977
1739971785.1806734,0.0,0.0
1739971786.181869,0.37577953934669495,1.8599999999999999
1739971787.1826015,0.0,0.0
1739971788.1844015,0.37577953934669495,1.8599999999999999
1739971789.1869535,0.0,0.0
1739971790.194546,0.3759101927280426,1.860900000000074
1739971791.1975436,0.0,0.0
1739971792.1990802,0.37577953934669495,1.8599999999999999
1739971793.2023861,0.0,0.0
1739971794.2031748,0.37577953934669495,1.8599999999999999
1739971795.203889,0.0,0.0
1739971796.204544,0.37577953934669495,1.8599999999999999
1739971797.2055547,0.0,0.0
1739971798.207466,0.37577953934669495,1.8599999999999999
1739971799.2248552,0.0,0.0
1739971800.2360406,0.3759188950061798,1.860959999999977
1739971801.245511,0.0,0.0
1739971802.2509296,0.37577953934669495,1.8599999999999999
1739971803.2526226,0.0,0.0
1739971804.254832,0.37577953934669495,1.8599999999999999
1739971805.257892,0.0,0.0
1739971806.2725613,0.37577953934669495,1.8599999999999999
1739971807.3482606,0.0,0.0
1739971808.3541543,0.3759188950061798,1.860959999999977
1739971809.3697696,0.0,0.0
1739971810.370652,0.37577953934669495,1.8599999999999999
1739971811.3717082,0.0,0.0
1739972093.0401154,0.4747397005558014,2.951479999999983
1739972094.085356,0.0,0.0
1739972095.0949183,0.49362316727638245,3.3272475335178595
1739972096.1134865,0.0,0.0
1739972097.135024,0.47508326172828674,2.9485463955652707
1739972098.140882,0.0,0.0
1739972099.1438847,0.45263832807540894,2.593463133836984
1739972100.1563396,0.0,0.0
1739972101.191398,0.4238611161708832,2.256855230840627
1739972102.2080452,0.0,0.0
1739972103.209618,0.387988805770874,1.9475361979267305
1739972104.2302268,0.0,0.0
1739972105.235722,0.37577953934669495,1.8599999999999999
1739972106.2480936,0.0,0.0
1739972107.2686012,0.3759188950061798,1.8609600000000863
1739972108.2990372,0.0,0.0
1739972109.3151379,0.3759188950061798,1.860959999999977
1739972110.319557,0.0,0.0
1739972111.323811,0.37577953934669495,1.8599999999999999
1739972112.3361068,0.0,0.0
1739972113.3687372,0.3760494589805603,1.8618599999999421
1739972114.3825727,0.0,0.0
1739972115.3933587,0.37577953934669495,1.8599999999999999
1739972116.3948212,0.0,0.0
1739972117.3986747,0.3759101927280426,1.860899999999965
1739972118.4070172,0.0,0.0
1739972119.4124746,0.37577953934669495,1.8599999999999999
1739972120.4142044,0.0,0.0
1739972121.4289055,0.3759188950061798,1.860959999999977
1739972122.433922,0.0,0.0
1739972123.4418275,0.37577953934669495,1.8599999999999999
1739972124.5397885,0.0,0.0
1739972125.5810473,0.3760494589805603,1.8618600000000514
1739972126.582508,0.0,0.0
1739972127.5836575,0.37577953934669495,1.8599999999999999
1739972128.5850565,0.0,0.0
1739972129.586142,0.3759188950061798,1.860959999999977
1739972130.5883608,0.0,0.0
1739972131.6016643,0.3759188950061798,1.860959999999977
1739972132.6284978,0.0,0.0
1739972133.651414,0.3760494589805603,1.8618600000000514
1739972134.652801,0.0,0.0
1739972135.6545358,0.37577953934669495,1.8599999999999999
1739972136.6562402,0.0,0.0
1739972137.657648,0.37577953934669495,1.8599999999999999
1739972138.65929,0.0,0.0
1739972139.6606722,0.37577953934669495,1.8599999999999999
1739972140.6755025,0.0,0.0
1739972141.6787734,0.37577953934669495,1.8599999999999999
1739972142.6810057,0.0,0.0
1739972143.682266,0.37577953934669495,1.8599999999999999
1739972144.683383,0.0,0.0
1739972145.6850665,0.37577953934669495,1.8599999999999999
1739972146.6864457,0.0,0.0
1739972147.6878076,0.37577953934669495,1.8599999999999999
1739972148.6936839,0.0,0.0
1739972149.6966555,0.3759101927280426,1.860900000000074
1739972150.7003553,0.0,0.0
1739972151.701526,0.37577953934669495,1.8599999999999999
1739972152.70289,0.0,0.0
1739972153.7037098,0.37577953934669495,1.8599999999999999
1739972154.7054813,0.0,0.0
1739972155.7071135,0.37577953934669495,1.8599999999999999
1739972156.70777,0.0,0.0
1739972157.715022,0.3759188950061798,1.860959999999977
1739972158.7271132,0.0,0.0
1739972159.747426,0.3759101927280426,1.860899999999965
1739972160.7705674,0.0,0.0
1739972161.7732441,0.3759101927280426,1.860899999999965
1739972162.7747178,0.0,0.0
1739972163.7880628,0.37577953934669495,1.8599999999999999
1739972164.8071077,0.0,0.0
1739972165.8329372,0.3759101927280426,1.860900000000074
1739972166.8824236,0.0,0.0
1739972167.8952732,0.37577953934669495,1.8599999999999999
1739972168.8968034,0.0,0.0
1739972169.8981326,0.3759101927280426,1.860899999999965
1739972170.8997195,0.0,0.0
1739972171.9006028,0.37577953934669495,1.8599999999999999
1739972172.9016955,0.0,0.0
1739972173.906503,0.37577953934669495,1.8599999999999999
1739972174.9123695,0.0,0.0
1739972175.913555,0.3759188950061798,1.860959999999977
1739972176.9145632,0.0,0.0
1739972177.9160006,0.37577953934669495,1.8599999999999999
1739972178.9169884,0.0,0.0
1739972179.918476,0.37577953934669495,1.8599999999999999
1739972181.002343,0.0,0.0
1739972182.0376215,0.3760494589805603,1.8618600000000514
1739972183.0382545,0.0,0.0
1739972184.0406384,0.37577953934669495,1.8599999999999999
1739972185.0420022,0.0,0.0
1739972186.0429244,0.37577953934669495,1.8599999999999999
1739972187.0445611,0.0,0.0
1739972188.045849,0.37577953934669495,1.8599999999999999
1739972189.047348,0.0,0.0
1739972190.0488217,0.37577953934669495,1.8599999999999999
1739972191.0502117,0.0,0.0
1739972192.0513566,0.37577953934669495,1.8599999999999999
1739972193.053542,0.0,0.0
1739972194.0561798,0.3759188950061798,1.860959999999977
1739972195.0574648,0.0,0.0
1739972196.0584228,0.37577953934669495,1.8599999999999999
1739972197.060037,0.0,0.0
1739972198.0613525,0.37577953934669495,1.8599999999999999
1739972199.0620148,0.0,0.0
1739972200.0653942,0.37577953934669495,1.8599999999999999
1739972201.0668497,0.0,0.0
1739972202.070745,0.3759101927280426,1.860900000000074
1739972203.0719488,0.0,0.0
1739972204.073655,0.37577953934669495,1.8599999999999999
1739972205.0749948,0.0,0.0
1739972206.0761285,0.37577953934669495,1.8599999999999999
1739972207.077398,0.0,0.0
1739972208.078731,0.37577953934669495,1.8599999999999999
1739972209.2512345,0.0,0.0
1739972210.278772,0.3760494589805603,1.8618600000000514
1739972211.279443,0.0,0.0
1739972212.280589,0.37577953934669495,1.8599999999999999
1739972213.2815018,0.0,0.0
1739972214.2860668,0.37577953934669495,1.8599999999999999
1739972215.3174603,0.0,0.0
1739972216.3313587,0.3759101927280426,1.860900000000074
1739972217.3325207,0.0,0.0
1739972218.334118,0.37577953934669495,1.8599999999999999
1739972219.3353882,0.0,0.0
1739972220.336483,0.37577953934669495,1.8599999999999999
1739972221.3377547,0.0,0.0
1739972222.3386877,0.37577953934669495,1.8599999999999999
1739972223.3574643,0.0,0.0
1739972224.3823645,0.3760494589805603,1.8618600000000514
1739972225.3833158,0.0,0.0
1739972226.3852165,0.37577953934669495,1.8599999999999999
1739972227.386317,0.0,0.0
1739972228.387747,0.37577953934669495,1.8599999999999999
1739972229.3889236,0.0,0.0
1739972230.389701,0.37577953934669495,1.8599999999999999
1739972231.408096,0.0,0.0
1739972232.4101284,0.37577953934669495,1.8599999999999999
1739972233.4117422,0.0,0.0
1739972234.4129865,0.37577953934669495,1.8599999999999999
1739972235.414133,0.0,0.0
1739972236.4155362,0.37577953934669495,1.8599999999999999
1739972237.4166918,0.0,0.0
1739972238.4186065,0.37577953934669495,1.8599999999999999
1739972239.4224622,0.0,0.0
1739972240.4234614,0.37577953934669495,1.8599999999999999
1739972241.4248576,0.0,0.0
1739972242.4258094,0.37577953934669495,1.8599999999999999
1739972243.4266882,0.0,0.0
1739972244.427937,0.37577953934669495,1.8599999999999999
1739972245.4313483,0.0,0.0
1739972246.4379346,0.37577953934669495,1.8599999999999999
1739972247.4408777,0.0,0.0
1739972248.4420464,0.37577953934669495,1.8599999999999999
1739972249.4432487,0.0,0.0
1739972250.4439437,0.37577953934669495,1.8599999999999999
1739972251.4454038,0.0,0.0
1739972252.4765947,0.37605810165405273,1.8619199999999545
1739972253.4841485,0.0,0.0
1739972254.4940815,0.3759101927280426,1.860899999999965
1739972255.4953291,0.0,0.0
1739972256.4968028,0.37577953934669495,1.8599999999999999
1739972257.4979262,0.0,0.0
1739972258.5115118,0.3759188950061798,1.8609600000000863
1739972259.5560265,0.0,0.0
1739972260.5579953,0.37577953934669495,1.8599999999999999
1739972261.5728197,0.0,0.0
1739972262.5958674,0.3759188950061798,1.860959999999977
1739972263.6441596,0.0,0.0
1739972264.6648333,0.3760494589805603,1.8618599999999421
1739972265.6886945,0.0,0.0
1739972266.6945899,0.3759101927280426,1.860900000000074
1739972267.6982353,0.0,0.0
1739972268.7021227,0.37577953934669495,1.8599999999999999
1739972269.7244453,0.0,0.0
1739972270.7441857,0.3760494589805603,1.8618599999999421
1739972271.7893324,0.0,0.0
1739972272.8567932,0.3763275444507599,1.863780000000006
1739972273.8586962,0.0,0.0
1739972274.8818586,0.3759101927280426,1.860899999999965
1739972275.9017816,0.0,0.0
1739972276.9075627,0.37577953934669495,1.8599999999999999
1739972277.908567,0.0,0.0
1739972278.9092872,0.37577953934669495,1.8599999999999999
1739972279.9102912,0.0,0.0
1739972280.914637,0.3759188950061798,1.860959999999977
1739972281.9223564,0.0,0.0
1739972282.9697256,0.3761885464191437,1.8628200000000286
1739972284.0624278,0.0,0.0
1739972285.0847206,0.3759101927280426,1.860900000000074
1739972286.0880523,0.0,0.0
1739972287.0893855,0.37577953934669495,1.8599999999999999
1739972288.102023,0.0,0.0
1739972289.103749,0.37577953934669495,1.8599999999999999
1739972290.1114233,0.0,0.0
1739972291.1156027,0.37577953934669495,1.8599999999999999
1739972292.1489275,0.0,0.0
1739972293.181004,0.37605810165405273,1.8619199999999545
1739972294.2102463,0.0,0.0
1739972295.222812,0.37577953934669495,1.8599999999999999
1739972296.2774682,0.0,0.0
1739972297.3077157,0.37605810165405273,1.8619199999999545
1739972298.319144,0.0,0.0
1739972299.3337333,0.3759101927280426,1.860900000000074
1739972300.3365555,0.0,0.0
1739972301.3400965,0.37577953934669495,1.8599999999999999
1739972302.341402,0.0,0.0
1739972303.3508513,0.3759188950061798,1.860959999999977
1739972304.3643236,0.0,0.0
1739972305.3898358,0.3760494589805603,1.8618600000000514
1739972306.4050353,0.0,0.0
1739972307.409881,0.37577953934669495,1.8599999999999999
1739972308.4233658,0.0,0.0
1739972309.4703345,0.3761885464191437,1.8628200000000286
1739972310.4745114,0.0,0.0
1739972311.4836128,0.3759188950061798,1.860959999999977
1739972312.4948294,0.0,0.0
1739972313.4986153,0.37577953934669495,1.8599999999999999
1739972314.5046048,0.0,0.0
1739972315.5095515,0.3759188950061798,1.8609600000000863
1739972316.5226798,0.0,0.0
1739972317.5623052,0.37605810165405273,1.8619199999999545
1739972318.6210341,0.0,0.0
1739972319.6441834,0.3759188950061798,1.8609600000000863
1739972320.7091417,0.0,0.0
1739972321.7172148,0.3759188950061798,1.860959999999977
1739972322.7221725,0.0,0.0
1739972323.7275817,0.3759188950061798,1.860959999999977
1739972324.73214,0.0,0.0
1739972325.7343538,0.37577953934669495,1.8599999999999999
1739972326.7385452,0.0,0.0
1739972327.7723234,0.3760494589805603,1.8618600000000514
1739972328.7997072,0.0,0.0
1739972329.8027112,0.37577953934669495,1.8599999999999999
1739972330.8081846,0.0,0.0
1739972331.8103008,0.37577953934669495,1.8599999999999999
1739972332.8136737,0.0,0.0
1739972333.8166356,0.37577953934669495,1.8599999999999999
1739972334.828977,0.0,0.0
1739972335.8351414,0.3759188950061798,1.860959999999977
1739972336.8420548,0.0,0.0
1739972337.8648472,0.3759188950061798,1.860959999999977
1739972338.874964,0.0,0.0
1739972339.9093933,0.3760494589805603,1.8618600000000514
1739972340.915499,0.0,0.0
1739972341.918828,0.37577953934669495,1.8599999999999999
1739972342.9494228,0.0,0.0
1739972343.9793463,0.37605810165405273,1.8619199999999545
1739972345.0717723,0.0,0.0
1739972346.1246052,0.3761885464191437,1.8628199999999195
1739972347.1521335,0.0,0.0
1739972348.1561606,0.37577953934669495,1.8599999999999999
1739972349.1630254,0.0,0.0
1739972350.1923978,0.37605810165405273,1.8619199999999545
1739972351.1998127,0.0,0.0
1739972352.2119997,0.3759188950061798,1.860959999999977
1739972353.2148428,0.0,0.0
1739972354.2429767,0.3760494589805603,1.8618599999999421
1739972355.2441947,0.0,0.0
1739972356.2466822,0.37577953934669495,1.8599999999999999
1739972357.2484472,0.0,0.0
1739972358.2529569,0.37577953934669495,1.8599999999999999
1739972359.260594,0.0,0.0
1739972360.263884,0.37577953934669495,1.8599999999999999
1739972361.267525,0.0,0.0
1739972362.269924,0.37577953934669495,1.8599999999999999
1739972363.2729461,0.0,0.0
1739972364.2860336,0.37577953934669495,1.8599999999999999
1739972365.3102133,0.0,0.0
1739972366.315683,0.37577953934669495,1.8599999999999999
1739972367.349003,0.0,0.0
1739972368.3502433,0.37577953934669495,1.8599999999999999
1739972369.3511128,0.0,0.0
1739972370.3523514,0.37577953934669495,1.8599999999999999
1739972371.3535132,0.0,0.0
1739972372.354568,0.37577953934669495,1.8599999999999999
1739972373.3638048,0.0,0.0
1739972374.3712037,0.3759101927280426,1.860899999999965
1739972375.4002504,0.0,0.0
1739972376.4360495,0.37605810165405273,1.8619199999999545
1739972377.4694326,0.0,0.0
1739972378.48995,0.3759188950061798,1.860959999999977
1739972379.4958837,0.0,0.0
1739972380.519846,0.3759188950061798,1.8609600000000863
1739972381.5250673,0.0,0.0
1739972382.5279744,0.37577953934669495,1.8599999999999999
1739972383.5345798,0.0,0.0
1739972384.5371604,0.37577953934669495,1.8599999999999999
1739972385.5521252,0.0,0.0
1739972386.5608745,0.3759188950061798,1.860959999999977
1739972387.5631003,0.0,0.0
1739972388.5654764,0.37577953934669495,1.8599999999999999
1739972389.5725212,0.0,0.0
1739972390.5792,0.37577953934669495,1.8599999999999999
1739972391.5914938,0.0,0.0
1739972392.5939062,0.37577953934669495,1.8599999999999999
1739972393.6433303,0.0,0.0
1739972394.648016,0.3759101927280426,1.860899999999965
1739972395.649815,0.0,0.0
1739972396.6511073,0.37577953934669495,1.8599999999999999
1739972397.6522377,0.0,0.0
1739972398.6534615,0.37577953934669495,1.8599999999999999
1739972399.6549714,0.0,0.0
1739972400.6671908,0.3759188950061798,1.860959999999977
1739972401.6892939,0.0,0.0
1739972402.6978843,0.3759101927280426,1.860900000000074
1739972403.7025616,0.0,0.0
1739972433.7913606,0.29493314027786255,1.4426649999999697
1739972434.8129892,0.0,0.0
1739972435.8229547,0.39672115445137024,2.0148729294778245
1739972436.8263254,0.0,0.0
1739972437.8398156,0.3759188950061798,1.860959999999977
1739972438.8470747,0.0,0.0
1739972439.8489115,0.37577953934669495,1.8599999999999999
1739972440.8571007,0.0,0.0
1739972441.869348,0.3759101927280426,1.860899999999965
1739972442.909119,0.0,0.0
1739972443.925593,0.3759188950061798,1.860959999999977
1739972444.941376,0.0,0.0
1739972445.9604688,0.3760494589805603,1.8618600000000514
1739972446.9772453,0.0,0.0
1739972447.9856064,0.37577953934669495,1.8599999999999999
1739972448.9874153,0.0,0.0
1739972449.9933357,0.3759101927280426,1.860899999999965
1739972451.0076125,0.0,0.0
1739972452.046275,0.3760494589805603,1.8618599999999421
1739972453.0668278,0.0,0.0
1739972454.081788,0.3759101927280426,1.860900000000074
1739972455.0834322,0.0,0.0
1739972456.0862174,0.3759188950061798,1.860959999999977
1739972457.088125,0.0,0.0
1739972458.0900083,0.37577953934669495,1.8599999999999999
1739972459.097074,0.0,0.0
1739972460.1144884,0.3759188950061798,1.860959999999977
1739972461.1207047,0.0,0.0
1739972462.2554371,0.3768649995326996,1.8674999999999997
1739972463.2699182,0.0,0.0
1739972464.2819307,0.3759101927280426,1.860899999999965
1739972465.2830527,0.0,0.0
1739972466.286457,0.37577953934669495,1.8599999999999999
1739972467.289453,0.0,0.0
1739972468.2942345,0.37577953934669495,1.8599999999999999
1739972469.2994483,0.0,0.0
1739972470.3011453,0.37577953934669495,1.8599999999999999
1739972471.3043802,0.0,0.0
1739972472.3070025,0.37577953934669495,1.8599999999999999
1739972473.3182218,0.0,0.0
1739972474.3711658,0.3763188421726227,1.8637199999999936
1739972475.3720095,0.0,0.0
1739972476.3730888,0.37577953934669495,1.8599999999999999
1739972477.382713,0.0,0.0
1739972478.4179602,0.3760494589805603,1.8618599999999421
1739972479.4291043,0.0,0.0
1739972480.4344294,0.37577953934669495,1.8599999999999999
1739972481.4408755,0.0,0.0
1739972482.444678,0.3759101927280426,1.860900000000074
1739972483.4465537,0.0,0.0
1739972484.4508638,0.37577953934669495,1.8599999999999999
1739972485.4825132,0.0,0.0
1739972486.4958272,0.3759101927280426,1.860899999999965
1739972487.4970467,0.0,0.0
1739972488.498234,0.37577953934669495,1.8599999999999999
1739972489.4993913,0.0,0.0
1739972490.5003483,0.37577953934669495,1.8599999999999999
1739972491.5031855,0.0,0.0
1739972492.5125587,0.3759188950061798,1.8609600000000863
1739972493.5160193,0.0,0.0
1739972494.54866,0.3760494589805603,1.8618599999999421
1739972495.5701284,0.0,0.0
1739972496.582479,0.37577953934669495,1.8599999999999999
1739972497.6093814,0.0,0.0
1739972498.6217964,0.3759101927280426,1.860899999999965
1739972499.648088,0.0,0.0
1739972500.6598754,0.37577953934669495,1.8599999999999999
1739972501.6757493,0.0,0.0
1739972502.7248182,0.3761885464191437,1.8628200000000286
1739972503.727477,0.0,0.0
1739972504.7487526,0.3759101927280426,1.860899999999965
1739972505.7666633,0.0,0.0
1739972506.7762334,0.3759101927280426,1.860899999999965
1739972507.7774742,0.0,0.0
1739972508.7789686,0.37577953934669495,1.8599999999999999
1739972509.8039634,0.0,0.0
1739972510.845532,0.3760494589805603,1.8618600000000514
1739972511.898674,0.0,0.0
1739972512.9005435,0.37577953934669495,1.8599999999999999
1739972513.9017828,0.0,0.0
1739972514.9033375,0.37577953934669495,1.8599999999999999
1739972515.904443,0.0,0.0
1739972516.9092648,0.37577953934669495,1.8599999999999999
1739972517.9204865,0.0,0.0
1739972518.9559524,0.3760494589805603,1.8618600000000514
1739972519.9578679,0.0,0.0
1739972520.9590468,0.37577953934669495,1.8599999999999999
1739972521.9606369,0.0,0.0
1739972522.9619246,0.37577953934669495,1.8599999999999999
1739972523.9655356,0.0,0.0
1739972524.9928253,0.3760494589805603,1.8618599999999421
1739972525.9940178,0.0,0.0
1739972526.997089,0.37577953934669495,1.8599999999999999
1739972527.998781,0.0,0.0
1739972528.9998474,0.37577953934669495,1.8599999999999999
1739972530.0008204,0.0,0.0
1739972531.0043573,0.37577953934669495,1.8599999999999999
1739972532.041013,0.0,0.0
1739972533.0880344,0.3761885464191437,1.8628200000000286
1739972534.1099722,0.0,0.0
1739972535.1171634,0.3759101927280426,1.860899999999965
1739972536.1180782,0.0,0.0
1739972537.1339834,0.3759188950061798,1.8609600000000863
1739972538.1524632,0.0,0.0
1739972539.1711812,0.3759188950061798,1.860959999999977
1739972540.17845,0.0,0.0
1739972541.2302244,0.3763275444507599,1.863780000000006
1739972542.232579,0.0,0.0
1739972543.2334087,0.37577953934669495,1.8599999999999999
1739972544.2345243,0.0,0.0
1739972545.2479486,0.3759101927280426,1.860899999999965
1739972546.2880235,0.0,0.0
1739972547.3303115,0.3761885464191437,1.8628200000000286
1739972548.3328254,0.0,0.0
1739972549.335207,0.3759188950061798,1.860959999999977
1739972550.3695338,0.0,0.0
1739972551.4141202,0.3761885464191437,1.8628200000000286
1739972552.4314663,0.0,0.0
1739972553.4371984,0.37577953934669495,1.8599999999999999
1739972554.4774358,0.0,0.0
1739972555.4793682,0.37577953934669495,1.8599999999999999
1739972556.480997,0.0,0.0
1739972557.4825428,0.37577953934669495,1.8599999999999999
1739972558.4843714,0.0,0.0
1739972559.4856489,0.37577953934669495,1.8599999999999999
1739972560.493488,0.0,0.0
1739972561.5331283,0.3760494589805603,1.8618600000000514
1739972562.5346076,0.0,0.0
1739972563.5436285,0.3759188950061798,1.860959999999977
1739972564.5447454,0.0,0.0
1739972565.5582607,0.3759188950061798,1.860959999999977
1739972566.5851684,0.0,0.0
1739972567.5879848,0.37577953934669495,1.8599999999999999
1739972568.6040125,0.0,0.0
1739972569.6103969,0.37577953934669495,1.8599999999999999
1739972570.6115317,0.0,0.0
1739972571.6123874,0.37577953934669495,1.8599999999999999
1739972572.6141279,0.0,0.0
1739972573.6163387,0.3759101927280426,1.860899999999965
1739972574.6288548,0.0,0.0
1739972575.6301363,0.37577953934669495,1.8599999999999999
1739972576.6315372,0.0,0.0
1739972577.6327336,0.3759188950061798,1.8609600000000863
1739972578.6340334,0.0,0.0
1739972579.6349092,0.37577953934669495,1.8599999999999999
1739972580.689812,0.0,0.0
1739972581.7137032,0.3760494589805603,1.8618600000000514
1739972582.7394888,0.0,0.0
1739972583.7407439,0.37577953934669495,1.8599999999999999
1739972584.7418675,0.0,0.0
1739972585.7433188,0.37577953934669495,1.8599999999999999
1739972586.761511,0.0,0.0
1739972587.8081238,0.3761885464191437,1.8628199999999195
1739972588.835127,0.0,0.0
1739972589.92394,0.37645772099494934,1.864679999999971
1739972590.933838,0.0,0.0
1739972591.9447985,0.3759101927280426,1.860900000000074
1739972592.9552765,0.0,0.0
1739972593.982367,0.37605810165405273,1.8619199999999545
1739972594.9850752,0.0,0.0
1739972596.002247,0.3759101927280426,1.860899999999965
1739972597.0223062,0.0,0.0
1739972598.0372634,0.3759101927280426,1.860899999999965
1739972599.0380256,0.0,0.0
1739972600.039678,0.3759188950061798,1.860959999999977
1739972601.0412745,0.0,0.0
1739972602.047719,0.37577953934669495,1.8599999999999999
1739972603.0606554,0.0,0.0
1739972604.090079,0.3760494589805603,1.8618600000000514
1739972605.1026049,0.0,0.0
1739972606.1035318,0.37577953934669495,1.8599999999999999
1739972607.104384,0.0,0.0
1739972608.105493,0.37577953934669495,1.8599999999999999
1739972609.1064808,0.0,0.0
1739972610.1078954,0.37577953934669495,1.8599999999999999
1739972611.1096177,0.0,0.0
1739972612.1213622,0.3759101927280426,1.860899999999965
1739972613.1360414,0.0,0.0
1739972614.137414,0.37577953934669495,1.8599999999999999
1739972615.1390743,0.0,0.0
1739972616.140362,0.37577953934669495,1.8599999999999999
1739972617.1421144,0.0,0.0
1739972618.1434646,0.37577953934669495,1.8599999999999999
1739972619.148154,0.0,0.0
1739972620.149863,0.37577953934669495,1.8599999999999999
1739972621.150877,0.0,0.0
1739972622.1521263,0.37577953934669495,1.8599999999999999
1739972623.2502244,0.0,0.0
1739972624.3117235,0.3763275444507599,1.863780000000006
1739972625.3266404,0.0,0.0
1739972626.3518445,0.37605810165405273,1.8619199999999545
1739972627.4190776,0.0,0.0
1739972628.4226923,0.37577953934669495,1.8599999999999999
1739972629.432344,0.0,0.0
1739972630.4902318,0.3761885464191437,1.8628200000000286
1739972631.5164745,0.0,0.0
1739972632.5790095,0.3763188421726227,1.8637199999999936
1739972633.5954688,0.0,0.0
1739972634.634145,0.3761885464191437,1.8628200000000286
1739972635.636366,0.0,0.0
1739972636.6432445,0.37577953934669495,1.8599999999999999
1739972637.65723,0.0,0.0
1739972638.7033243,0.3761885464191437,1.8628200000000286
1739972639.7469976,0.0,0.0
1739972640.7672412,0.3759188950061798,1.8609600000000863
1739972641.8001893,0.0,0.0
1739972642.8014953,0.37577953934669495,1.8599999999999999
1739972643.8047912,0.0,0.0
1739972644.8259702,0.3759101927280426,1.860900000000074
1739972645.8634493,0.0,0.0
1739972646.8645496,0.37577953934669495,1.8599999999999999
1739972647.870074,0.0,0.0
1739972648.8804579,0.37577953934669495,1.8599999999999999
1739972649.9025118,0.0,0.0
1739972650.9043076,0.37577953934669495,1.8599999999999999
1739972651.9059315,0.0,0.0
1739972652.907753,0.37577953934669495,1.8599999999999999
1739972653.9090564,0.0,0.0
1739972654.9104567,0.37577953934669495,1.8599999999999999
1739972655.9118743,0.0,0.0
1739972656.9132745,0.3759188950061798,1.860959999999977
1739972657.9414937,0.0,0.0
1739972658.9707189,0.3760494589805603,1.8618600000000514
1739972659.9726605,0.0,0.0
1739972660.9741197,0.37577953934669495,1.8599999999999999
1739972661.9752069,0.0,0.0
1739972662.976744,0.3759188950061798,1.860959999999977
1739972663.999777,0.0,0.0
1739972665.0585723,0.3763275444507599,1.863780000000006
1739972666.0630715,0.0,0.0
1739972667.0640087,0.37577953934669495,1.8599999999999999
1739972668.0646863,0.0,0.0
1739972669.0662415,0.37577953934669495,1.8599999999999999
1739972670.0672956,0.0,0.0
1739972671.0712297,0.3759101927280426,1.860900000000074
1739972672.086105,0.0,0.0
1739972673.087879,0.37577953934669495,1.8599999999999999
1739972674.0888267,0.0,0.0
1739972675.0901847,0.37577953934669495,1.8599999999999999
1739972676.0910988,0.0,0.0
1739972677.092363,0.37577953934669495,1.8599999999999999
1739972678.1188455,0.0,0.0
1739972679.1313741,0.37577953934669495,1.8599999999999999
1739972680.1419804,0.0,0.0
1739972681.142501,0.37577953934669495,1.8599999999999999
1739972682.1439211,0.0,0.0
1739972683.1451175,0.37577953934669495,1.8599999999999999
1739972684.1547146,0.0,0.0
1739972685.1571722,0.37577953934669495,1.8599999999999999
1739972686.1688492,0.0,0.0
1739972687.2469656,0.37645772099494934,1.864679999999971
1739972688.332427,0.0,0.0
1739972689.334489,0.37577953934669495,1.8599999999999999
1739972690.3378532,0.0,0.0
1739972691.3459406,0.37577953934669495,1.8599999999999999
1739972692.3701417,0.0,0.0
1739972693.4204774,0.3761885464191437,1.8628200000000286
1739972694.44432,0.0,0.0
1739972695.4746602,0.3760494589805603,1.8618600000000514
1739972696.4779718,0.0,0.0
1739972697.4819825,0.37577953934669495,1.8599999999999999
1739972698.484426,0.0,0.0
1739972699.4926898,0.3759101927280426,1.860899999999965
1739972700.5986145,0.0,0.0
1739972701.6414113,0.3761885464191437,1.8628200000000286
1739972702.65762,0.0,0.0
1739972703.7082415,0.3761885464191437,1.8628200000000286
1739972704.7424576,0.0,0.0
1739972705.7530892,0.37577953934669495,1.8599999999999999
1739972706.7540836,0.0,0.0
1739972707.7563446,0.37577953934669495,1.8599999999999999
1739972708.7622964,0.0,0.0
1739972709.7641044,0.37577953934669495,1.8599999999999999
1739972710.7657478,0.0,0.0
1739972711.7671697,0.37577953934669495,1.8599999999999999
1739972712.772258,0.0,0.0
1739972713.7764835,0.37577953934669495,1.8599999999999999
1739972714.7803643,0.0,0.0
1739972715.7819307,0.37577953934669495,1.8599999999999999
1739972716.7832758,0.0,0.0
1739972717.7843916,0.37577953934669495,1.8599999999999999
1739972718.7853699,0.0,0.0
1739972719.786737,0.37577953934669495,1.8599999999999999
1739972720.7981083,0.0,0.0
1739972721.8215098,0.3760494589805603,1.8618600000000514
1739972722.8872988,0.0,0.0
1739972723.8882444,0.37577953934669495,1.8599999999999999
1739972724.8898137,0.0,0.0
1739972725.8913991,0.37577953934669495,1.8599999999999999
1739972726.892531,0.0,0.0
1739972727.8942451,0.37577953934669495,1.8599999999999999
1739972728.9016304,0.0,0.0
1739972729.9099066,0.37577953934669495,1.8599999999999999
1739972730.9109447,0.0,0.0
1739972731.9123962,0.37577953934669495,1.8599999999999999
1739972732.9138124,0.0,0.0
1739972733.9147184,0.37577953934669495,1.8599999999999999
1739972734.915746,0.0,0.0
1739972735.916933,0.37577953934669495,1.8599999999999999
1739972736.9250624,0.0,0.0
1739972738.0138237,0.37659651041030884,1.8656400000000575
1739972739.0268865,0.0,0.0
1739972740.0278153,0.37577953934669495,1.8599999999999999
1739972741.029072,0.0,0.0
1739972742.0305588,0.37577953934669495,1.8599999999999999
1739972743.0320642,0.0,0.0
1739972744.0335362,0.37577953934669495,1.8599999999999999
1739972745.117066,0.0,0.0
1739972746.1408064,0.3759188950061798,1.8609600000000863
1739972747.1515694,0.0,0.0
1739972748.1691744,0.3759188950061798,1.860959999999977
1739972749.1703684,0.0,0.0
1739972750.1718752,0.37577953934669495,1.8599999999999999
1739972751.1730103,0.0,0.0
1739972752.1744478,0.37577953934669495,1.8599999999999999
1739972753.175366,0.0,0.0
1739972754.1784651,0.37577953934669495,1.8599999999999999
1739972755.1795254,0.0,0.0
1739972756.1805346,0.37577953934669495,1.8599999999999999
1739972757.1823907,0.0,0.0
1739972758.1842432,0.37577953934669495,1.8599999999999999
1739972759.1857827,0.0,0.0
1739972760.187344,0.37577953934669495,1.8599999999999999
1739972761.2045107,0.0,0.0
1739972762.2082028,0.37577953934669495,1.8599999999999999
1739972763.2131329,0.0,0.0
1739972764.2285905,0.3759188950061798,1.860959999999977
1739972765.2299106,0.0,0.0
1739972766.2309687,0.37577953934669495,1.8599999999999999
1739972767.2320864,0.0,0.0
1739972768.233077,0.37577953934669495,1.8599999999999999
1739972769.2343218,0.0,0.0
1739972770.2392645,0.37577953934669495,1.8599999999999999
1739972771.2466915,0.0,0.0
1739972772.247525,0.37577953934669495,1.8599999999999999
1739972773.2490692,0.0,0.0
1739972774.2504292,0.37577953934669495,1.8599999999999999
1739972775.2519581,0.0,0.0
1739972776.2539942,0.37577953934669495,1.8599999999999999
1739972777.2601235,0.0,0.0
1739972778.2694287,0.37577953934669495,1.8599999999999999
1739972779.2708213,0.0,0.0
1739972780.2889998,0.3760494589805603,1.8618599999999421
1739972781.3115592,0.0,0.0
1739972782.3368347,0.3760494589805603,1.8618600000000514
1739972783.3590808,0.0,0.0
1739972784.3642273,0.37577953934669495,1.8599999999999999
1739972785.3659985,0.0,0.0
1739972786.3676403,0.3759101927280426,1.860899999999965
1739972787.3690023,0.0,0.0
1739972788.3707228,0.37577953934669495,1.8599999999999999
1739972789.3716872,0.0,0.0
1739972790.3808024,0.37577953934669495,1.8599999999999999
1739972791.3860047,0.0,0.0
1739972792.3992293,0.3759101927280426,1.860899999999965
1739972793.4001641,0.0,0.0
1739972794.4203641,0.3759188950061798,1.860959999999977
1739972795.422949,0.0,0.0
1739972796.42837,0.37577953934669495,1.8599999999999999
1739972797.4308364,0.0,0.0
1739972798.4354885,0.37577953934669495,1.8599999999999999
1739972799.4467866,0.0,0.0
1739972800.450535,0.37577953934669495,1.8599999999999999
1739972801.451927,0.0,0.0
1739972802.452649,0.37577953934669495,1.8599999999999999
1739972803.4537017,0.0,0.0
1739972804.4545043,0.37577953934669495,1.8599999999999999
1739972805.4685411,0.0,0.0
1739972806.4866657,0.3759188950061798,1.860959999999977
1739972807.5077922,0.0,0.0
1739972808.7634883,0.3779429495334625,1.8749999999999998
1739972809.8500934,0.0,0.0
1739972810.8572037,0.3759188950061798,1.860959999999977
1739972811.8671389,0.0,0.0
1739972812.8902545,0.3759188950061798,1.8609600000000863
1739972813.898872,0.0,0.0
1739972814.9036891,0.37577953934669495,1.8599999999999999
1739972815.917566,0.0,0.0
1739972816.9377327,0.3759188950061798,1.860959999999977
1739972817.9391987,0.0,0.0
1739972818.9477773,0.3759101927280426,1.860900000000074
1739972819.9756021,0.0,0.0
1739972821.0449533,0.37645772099494934,1.864679999999971
1739972822.0771663,0.0,0.0
1739972823.1054409,0.37605810165405273,1.8619199999999545
1739972824.1151881,0.0,0.0
1739972825.1169152,0.3759101927280426,1.860899999999965
1739972826.1224837,0.0,0.0
1739972827.1340501,0.3759188950061798,1.8609600000000863
1739972828.1435618,0.0,0.0
1739972829.178544,0.3760494589805603,1.8618599999999421
1739972830.243769,0.0,0.0
1739972831.257338,0.3759188950061798,1.8609600000000863
1739972832.266426,0.0,0.0
1739972833.278335,0.3759101927280426,1.860899999999965
1739972834.2908685,0.0,0.0
1739972835.3176198,0.3759188950061798,1.860959999999977
1739972836.3557673,0.0,0.0
1739972837.3713207,0.3759101927280426,1.860899999999965
1739972838.3824131,0.0,0.0
1739972839.3875442,0.37577953934669495,1.8599999999999999
1739972840.3929052,0.0,0.0
1739972841.3966897,0.37577953934669495,1.8599999999999999
1739972842.4182534,0.0,0.0
1739972843.440185,0.3759188950061798,1.860959999999977
1739972844.454247,0.0,0.0
1739972845.4653192,0.3759188950061798,1.860959999999977
1739972846.4799194,0.0,0.0
1739972847.4859738,0.37577953934669495,1.8599999999999999
1739972848.4880502,0.0,0.0
1739972849.502952,0.3759101927280426,1.860899999999965
1739972850.5461273,0.0,0.0
1739972851.5653694,0.3759188950061798,1.860959999999977
1739972852.596294,0.0,0.0
1739972853.6228993,0.3760494589805603,1.8618599999999421
1739972854.6333973,0.0,0.0
1739972855.6443503,0.37577953934669495,1.8599999999999999
1739972856.6617594,0.0,0.0
1739972857.679893,0.37605810165405273,1.8619199999999545
1739972858.7076232,0.0,0.0
1739972859.805219,0.376735121011734,1.8665999999999257
1739972860.8782356,0.0,0.0
1739972861.9156048,0.3761885464191437,1.8628200000000286
1739972862.9300284,0.0,0.0
1739972863.998385,0.3763188421726227,1.8637199999999936
1739972865.0026484,0.0,0.0
1739972866.0171838,0.3759188950061798,1.8609600000000863
1739972867.0356555,0.0,0.0
1739972868.037992,0.37577953934669495,1.8599999999999999
1739972869.0966144,0.0,0.0
1739972870.3226023,0.3778054118156433,1.8740400000000226
1739972871.3325531,0.0,0.0
1739972872.365045,0.37605810165405273,1.8619199999999545
1739972873.4134147,0.0,0.0
1739972874.473745,0.3761885464191437,1.8628200000000286
1739972875.5569952,0.0,0.0
1739972876.559086,0.37577953934669495,1.8599999999999999
1739972877.560853,0.0,0.0
1739972878.5620868,0.37577953934669495,1.8599999999999999
1739972879.5688665,0.0,0.0
1739972880.5729675,0.3759101927280426,1.860900000000074
1739972881.5922425,0.0,0.0
1739972882.6134026,0.3759188950061798,1.860959999999977
1739972883.6358387,0.0,0.0
1739972884.669727,0.3760494589805603,1.8618599999999421
1739972885.686107,0.0,0.0
1739972886.7046673,0.3759101927280426,1.860900000000074
1739972887.7162995,0.0,0.0
1739972888.720477,0.37577953934669495,1.8599999999999999
1739972889.7281685,0.0,0.0
1739972890.7313166,0.37577953934669495,1.8599999999999999
1739972891.7333531,0.0,0.0
1739972892.73822,0.37577953934669495,1.8599999999999999
1739972893.7550302,0.0,0.0
1739972894.785234,0.3760494589805603,1.8618600000000514
1739972895.7930846,0.0,0.0
1739972896.8482955,0.3761885464191437,1.8628200000000286
1739972897.896799,0.0,0.0
1739972898.9058838,0.3759101927280426,1.860899999999965
1739972899.9106667,0.0,0.0
1739972900.9114025,0.37577953934669495,1.8599999999999999
1739972901.9120786,0.0,0.0
1739972902.9258294,0.3759188950061798,1.860959999999977
1739972903.9553506,0.0,0.0
1739972904.973436,0.3759188950061798,1.860959999999977
1739972905.995621,0.0,0.0
1739972906.9967656,0.37577953934669495,1.8599999999999999
1739972907.999056,0.0,0.0
1739972909.0038638,0.37577953934669495,1.8599999999999999
1739972910.00488,0.0,0.0
1739972911.0057719,0.37577953934669495,1.8599999999999999
1739972912.0231771,0.0,0.0
1739972913.080513,0.3761885464191437,1.8628200000000286
1739972914.0868607,0.0,0.0
1739972915.0898533,0.37577953934669495,1.8599999999999999
1739972916.1003213,0.0,0.0
1739972917.1012785,0.3759188950061798,1.860959999999977
1739972918.1080806,0.0,0.0
1739972919.1121984,0.37577953934669495,1.8599999999999999
1739972920.1223984,0.0,0.0
1739972921.1292298,0.37577953934669495,1.8599999999999999
1739972922.135611,0.0,0.0
1739972923.148614,0.3759101927280426,1.860899999999965
1739972924.1969457,0.0,0.0
1739972925.1983068,0.37577953934669495,1.8599999999999999
1739972926.214512,0.0,0.0
1739972927.246617,0.3760494589805603,1.8618599999999421
1739972928.2476633,0.0,0.0
1739972929.2501087,0.37577953934669495,1.8599999999999999
1739972930.2556038,0.0,0.0
1739972931.2564163,0.37577953934669495,1.8599999999999999
1739972932.2585897,0.0,0.0
1739972933.2653081,0.37577953934669495,1.8599999999999999
1739972934.2809088,0.0,0.0
1739972935.294657,0.3759188950061798,1.860959999999977
1739972936.3351574,0.0,0.0
1739972937.361943,0.3759188950061798,1.860959999999977
1739972938.3680415,0.0,0.0
1739972939.3687866,0.37577953934669495,1.8599999999999999
1739972940.369439,0.0,0.0
1739972941.370318,0.37577953934669495,1.8599999999999999
1739972942.3901916,0.0,0.0
1739972943.4080596,0.3759101927280426,1.860899999999965
1739972944.5177047,0.0,0.0
1739972945.670507,0.3771330416202545,1.8693599999999422
1739972946.6777916,0.0,0.0
1739972947.7400563,0.3763275444507599,1.863780000000006
1739972948.749621,0.0,0.0
1739972949.7568192,0.37577953934669495,1.8599999999999999
1739972950.7986012,0.0,0.0
1739972951.809378,0.3759188950061798,1.860959999999977
1739972952.8252218,0.0,0.0
1739972953.8668532,0.3761885464191437,1.8628199999999195
1739972954.8753386,0.0,0.0
1739972955.8827853,0.3759188950061798,1.8609600000000863
1739972956.887847,0.0,0.0
1739972957.9282427,0.3760494589805603,1.8618599999999421
1739972958.9383712,0.0,0.0
1739972959.9404953,0.37577953934669495,1.8599999999999999
1739972960.9527073,0.0,0.0
1739972962.0335708,0.37645772099494934,1.864679999999971
1739972963.035722,0.0,0.0
1739972964.0394812,0.3759188950061798,1.860959999999977
1739972965.041247,0.0,0.0
1739972966.077238,0.3760494589805603,1.8618600000000514
1739972967.092286,0.0,0.0
1739972968.1310236,0.3760494589805603,1.8618599999999421
1739972969.1316807,0.0,0.0
1739972970.1335769,0.3759188950061798,1.8609600000000863
1739972971.1408837,0.0,0.0
1739972972.1503558,0.3759101927280426,1.860899999999965
1739972973.1629183,0.0,0.0
1739972974.1690352,0.3759188950061798,1.860959999999977
1739972975.169991,0.0,0.0
1739972976.1733494,0.37577953934669495,1.8599999999999999
1739972977.177108,0.0,0.0
1739973009.876904,0.32536837458610535,1.594144999999953
1739973010.930687,0.0,0.0
1739973011.937855,0.4095191955566406,2.122058417814896
1739973012.9638927,0.0,0.0
1739973013.9791324,0.3759188950061798,1.860959999999977
1739973015.0157812,0.0,0.0
1739973016.021466,0.37577953934669495,1.8599999999999999
1739973017.027979,0.0,0.0
1739973018.0318167,0.37577953934669495,1.8599999999999999
1739973019.0340028,0.0,0.0
1739973020.05853,0.37605810165405273,1.8619199999999545
1739973021.107809,0.0,0.0
1739973022.1242778,0.3759101927280426,1.860899999999965
